Date,TREAS_3M,GM,F,UTX,CAT,MRK,PFE,IBM,MSFT,C,XOM,SP
02-Jan-04,0.91,46.72,14.55,45.13,39.35,41.76,32.85,89.1,24,44.17,38.31,1108.48
05-Jan-04,0.9,47.55,15.02,45.4,40.42,42.6,33.73,90.56,24.6,44.88,39.2,1122.22
06-Jan-04,0.9,47.26,14.97,45.29,39.7,42.4,33.71,90.57,24.69,44.93,38.94,1123.67
07-Jan-04,0.89,47.91,15.38,45.43,39.27,42.45,34,90.3,24.66,44.99,38.65,1126.33
08-Jan-04,0.86,47.9,15.48,45.38,38.97,42.67,33.68,90.55,24.62,45.18,38.56,1131.92
09-Jan-04,0.85,46.87,14.99,44.73,38.3,41.83,33.32,88.77,24.18,44.97,37.99,1121.86
12-Jan-04,0.88,46.92,14.85,44.45,39.25,40.74,32.91,89.1,24.1,44.94,38.52,1127.23
13-Jan-04,0.87,46.45,14.74,44.67,39.28,40.54,32.47,87.3,23.98,44.71,38.35,1121.22
14-Jan-04,0.86,46.85,14.64,45.84,39.85,41.09,32.48,87.89,24.21,45.07,38.35,1130.52
15-Jan-04,0.86,47.04,14.53,45.63,39.87,40.77,32.18,91.5,24.07,44.62,37.98,1132.05
16-Jan-04,0.87,47.1,14.6,46.63,40.23,41,32.34,92.77,24.31,44.62,38.18,1139.83
20-Jan-04,0.88,46.92,14.67,45.34,39.28,40.81,31.91,94.5,24.56,44.43,38.54,1138.77
21-Jan-04,0.87,47.14,14.88,45.85,39.88,41.05,32.93,95.08,24.74,45.4,39.06,1147.62
22-Jan-04,0.86,47.27,14.87,45.54,40.17,40.93,33.4,94.9,24.49,45.7,38.92,1143.94
23-Jan-04,0.88,46.81,14.33,45.08,40.25,40.63,33.4,95.28,24.9,45.36,38.69,1141.55
26-Jan-04,0.89,46.84,14.45,45.54,40.65,41.89,34.04,97.18,25.18,45.91,39.17,1155.37
27-Jan-04,0.89,46.53,14.43,45.85,39.21,42.04,33.45,96.15,24.7,45.14,38.83,1144.05
28-Jan-04,0.92,45.7,14.19,45.6,38.07,42.51,33.13,94.77,24.22,44.38,38.48,1128.48
29-Jan-04,0.92,44.17,13.52,45.56,36.94,42.85,33.92,95.39,24.4,44.97,39.1,1134.11
30-Jan-04,0.9,43.27,13.24,45.69,37.36,42.25,33.85,96.57,24.17,44.97,38.46,1131.13
02-Feb-04,0.93,42.42,12.71,46.01,37.05,42.67,34.57,96.73,23.95,44.74,38.36,1135.26
03-Feb-04,0.92,41.69,12.5,45.98,36.84,43.05,34.85,97.32,23.86,44.43,38.1,1136.03
04-Feb-04,0.92,41.79,12.65,45.02,36.29,43.44,35.36,97.51,23.61,44.14,38.04,1126.52
05-Feb-04,0.92,42.26,12.89,45.19,36.5,43.26,35.48,96.21,23.57,43.73,38.07,1128.59
06-Feb-04,0.91,42.37,13.01,45.11,37.54,43.28,35.9,96.45,23.67,44.82,38.19,1142.76
09-Feb-04,0.93,42.78,12.9,45.37,37.14,42.75,35.2,96.46,23.52,44.67,38.64,1139.81
10-Feb-04,0.93,42.92,13.11,45.72,36.61,42.96,35.15,97.1,23.62,44.46,38.98,1145.54
11-Feb-04,0.91,43.82,13.33,45.77,37.76,43.15,35.41,97.44,23.73,45.19,39.77,1157.76
12-Feb-04,0.91,43.6,13.25,45.49,37.63,42.88,35.02,96.8,23.56,45,39.76,1152.11
13-Feb-04,0.9,43.01,13.08,45.26,37.02,43.38,34.7,97.2,23.24,44.98,39.76,1145.81
17-Feb-04,0.93,43.54,13.28,45.69,38.03,43.37,35.04,96.87,23.59,45.35,40.06,1156.99
18-Feb-04,0.92,43.02,13.11,46.73,37.73,43.56,34.73,95.94,23.4,45.04,39.65,1151.82
19-Feb-04,0.92,43.65,13.16,46.68,37.55,43.37,34.6,95.34,23.13,44.64,39.8,1147.06
20-Feb-04,0.92,42.69,12.91,46.38,36.73,42.88,34.6,94.86,23.23,44.43,39.87,1144.11
23-Feb-04,0.95,41.81,12.73,45.02,36.93,43.08,34.39,93.54,23.26,44.83,40.39,1140.99
24-Feb-04,0.95,41.73,12.38,44.08,36.68,43.05,34.5,94.35,23.5,44.93,40.14,1139.09
25-Feb-04,0.94,42.16,12.44,44.3,36.91,42.51,34.58,94.11,23.34,45.3,40.46,1143.67
26-Feb-04,0.94,42.05,12.44,43.14,37.27,42.28,34.47,94.35,23.17,45.44,40.14,1144.91
27-Feb-04,0.94,42.35,12.52,44.21,36.22,42.67,34.02,94.07,23.19,45.68,40,1144.94
01-Mar-04,0.95,42.81,12.74,44.26,36.74,43,34.25,94.59,23.34,45.86,40.34,1155.97
02-Mar-04,0.95,42.77,12.86,43.34,37.1,42.38,34.02,94.38,23.07,45.23,39.88,1149.1
03-Mar-04,0.95,42.2,12.64,43.45,36.97,42.14,34.31,94.4,23.05,45.28,39.75,1151.03
04-Mar-04,0.94,42.5,12.47,43.31,36.77,42.74,34.69,93.96,23.05,44.88,39.61,1154.87
05-Mar-04,0.93,42.57,12.84,43.15,36.52,43.03,34.5,94.02,23.03,45.44,40.31,1156.86
08-Mar-04,0.95,41.91,12.48,43.42,36.77,42.64,34.82,92.21,22.58,45.39,40.37,1147.2
09-Mar-04,0.94,41.17,12.32,42.6,36.53,42.29,34.62,92.15,22.48,45.3,40.58,1140.58
10-Mar-04,0.94,40.55,12.01,41.81,35.15,41.28,33.76,90.71,22.18,44.73,40.25,1123.89
11-Mar-04,0.95,39.51,11.86,41.1,34.98,40.24,32.71,88.91,21.93,44.19,39.23,1106.78
12-Mar-04,0.94,39.94,12.1,41.93,35.83,40.39,32.76,90.95,22.19,44.82,39.87,1120.57
15-Mar-04,0.95,39.57,11.86,42.19,35.38,40.12,32.44,89.51,21.99,44.64,39.63,1104.49
16-Mar-04,0.94,40.06,11.91,42.26,36.03,40.35,32.88,90.12,22.01,45.43,39.91,1110.7
17-Mar-04,0.92,40.91,12.18,42.62,36.93,39.71,32.4,91.04,21.97,46.19,40.07,1123.75
18-Mar-04,0.92,40.78,12.13,42.16,36.92,39.87,32.21,90.51,21.76,46.61,40.28,1122.32
19-Mar-04,0.92,39.69,11.9,40.99,36.49,39.15,31.51,89.31,21.53,45.75,39.37,1109.78
22-Mar-04,0.94,39.61,11.76,40.49,36.1,38.98,31.28,88.73,21.42,45.09,38.84,1095.4
23-Mar-04,0.93,39.67,11.74,40.5,36.27,39.31,31.69,89.02,21.11,45.26,38.67,1093.95
24-Mar-04,0.92,39.78,11.83,40.34,36.5,38.47,31.73,89.46,21.34,45.25,38.04,1091.33
25-Mar-04,0.94,40.14,12,41.23,36.89,39.08,31.85,90.06,22.02,45.68,38.18,1109.19
26-Mar-04,0.93,40.28,12.1,41.42,37.03,39.36,31.83,90.43,21.88,45.5,38.65,1108.06
29-Mar-04,0.95,41.01,12.21,41.21,38.01,39.87,32.51,90.34,22.13,46.64,38.98,1122.47
30-Mar-04,0.94,41.89,12.43,41.16,38.26,39.45,32.62,89.99,22.03,47.21,39.42,1127
31-Mar-04,0.93,41.58,12.36,41.42,37.81,39.53,32.53,89.53,21.79,46.99,39.45,1126.21
01-Apr-04,0.92,41.44,12.22,41.56,37.78,40.06,33.04,90.04,21.92,47.52,39.39,1132.17
02-Apr-04,0.93,41.01,12.44,42.12,38.83,40.31,33.42,91.83,22.6,47.08,39.76,1141.81
05-Apr-04,0.93,41.93,12.82,42.83,39.41,40.51,33.54,91.81,22.68,47.47,40.08,1150.57
06-Apr-04,0.92,42.03,12.75,43.08,39.65,40.39,33.23,91.34,22.55,47.48,40.02,1148.16
07-Apr-04,0.93,41.1,12.45,43.29,39.26,40.11,33.11,90.73,22.37,47,39.75,1140.53
08-Apr-04,0.92,40.94,12.38,43.1,39.2,39.92,33.05,90.77,22.27,46.83,40.27,1139.32
12-Apr-04,0.93,41.16,12.47,42.81,40.05,40.15,33.11,91.38,22.39,47.32,40.9,1145.2
13-Apr-04,0.93,40.74,12.21,42.28,39.22,39.88,32.85,90.7,22.25,46.53,40.62,1129.44
14-Apr-04,0.94,40.44,12.06,42.32,38.75,40.65,33.24,91.34,22.3,46.31,41.08,1128.17
15-Apr-04,0.93,39.94,11.95,42.31,38.64,42.02,34.66,91.09,22.05,45.37,41.44,1128.84
16-Apr-04,0.92,40.63,12.15,42.59,39.2,42.11,34.92,89.95,21.99,45.53,41.61,1134.61
19-Apr-04,0.95,40.61,12.16,42.34,38.73,41.99,34.88,89.62,22.32,45.42,41.48,1135.82
20-Apr-04,0.96,42.04,12.35,41.99,38.25,41.33,34.07,88.37,22.14,44.73,41.08,1118.15
21-Apr-04,0.98,42.48,13.61,40.81,38.77,41.59,34.25,88.96,22.25,44.66,40.74,1124.09
22-Apr-04,0.95,42.98,14.36,42.1,40.4,41.81,33.92,88.45,22.68,45.13,41.08,1139.93
23-Apr-04,0.96,43.28,14.3,42.69,39.37,41.83,33.81,88.98,24.07,44.7,40.76,1140.6
26-Apr-04,0.98,43.41,14.29,42.96,38.86,41.72,33.69,88.15,23.81,44.53,40.8,1135.53
27-Apr-04,0.97,43.56,14.6,43.17,39.3,42.26,33.82,88.81,23.8,44.5,41.5,1138.11
28-Apr-04,0.96,42.68,14.21,42.75,38.29,42.43,33.3,88.13,23.22,44.02,40.91,1122.41
29-Apr-04,0.95,41.91,14.09,41.75,37.27,42.02,33.02,86.84,23.15,44.14,40.36,1113.89
30-Apr-04,0.96,41.73,14.08,41.41,37.34,42.04,33.19,85.95,22.84,44.07,40.37,1107.3
03-May-04,0.99,42.5,14,41.74,38.13,42.67,33.62,85.8,23.03,44.5,41.44,1117.49
04-May-04,0.99,42.19,14.12,41.45,37.95,42.8,33.98,86.76,23.02,44.76,41.29,1119.55
05-May-04,0.97,41.85,13.86,41.34,37.85,42.77,34,86.72,22.99,44.57,41.73,1121.53
06-May-04,0.98,40.72,13.65,41.14,37.4,43.03,33.93,86.31,22.83,43.54,41.58,1113.99
07-May-04,1.05,39.25,13.2,40.89,37.05,42.68,33.75,86.14,22.54,42.82,41.03,1098.7
10-May-04,1.07,38.75,12.84,39.97,35.01,41.78,33.42,84.86,22.67,41.62,39.89,1087.12
11-May-04,1.04,39.26,13.18,39.91,35.12,41.5,33.33,85.11,22.68,41.87,40.67,1095.45
12-May-04,1.02,39.59,13.28,40.56,35.96,41.91,33.3,84.79,22.68,42.44,41.06,1097.28
13-May-04,0.98,39.29,13.21,40.06,35.87,41.24,33.02,85.16,22.82,42.12,40.8,1096.44
14-May-04,0.97,39.47,13.47,39.96,36.36,41.55,33.2,84.4,22.61,41.84,41.31,1095.7
17-May-04,1.05,38.62,13.08,39.52,35.33,41.72,33.11,83.54,22.33,41.11,41.1,1084.1
18-May-04,1.04,39.26,13.24,39.48,35.43,41.91,33.16,84.06,22.58,41.38,40.76,1091.49
19-May-04,1.02,38.84,12.91,39.5,35.45,41.54,32.8,85.03,22.4,41.24,40.67,1088.68
20-May-04,1.01,38.68,13,39.29,34.71,41.59,32.54,85.39,22.49,41.5,40.8,1089.19
21-May-04,1.01,38.34,13.05,39.32,35.08,41.67,32.47,85.11,22.63,41.55,40.67,1093.56
24-May-04,1.06,38.95,13.1,39.88,35.55,41.37,32.13,85.08,22.52,41.59,40.86,1095.41
25-May-04,1.06,39.82,13.45,40.49,35.86,41.89,32.4,86.64,22.82,42.61,41.84,1113.05
26-May-04,1.06,40.17,13.77,39.93,35.96,41.97,32.54,86.3,22.85,42.65,41.58,1114.94
27-May-04,1.04,40.44,13.78,40.54,36.11,42.43,33.02,86.53,22.89,42.63,41.41,1121.28
28-May-04,1.06,40.4,13.61,40.79,36.2,42.31,32.96,86.53,22.93,42.55,41.29,1120.68
01-Jun-04,1.15,40.07,13.78,40.81,36.49,43.26,33.06,86.07,22.82,42.86,41.72,1121.2
02-Jun-04,1.15,40.39,13.65,41.16,36.71,43.11,33.33,85.94,22.84,43.1,41.8,1124.99
03-Jun-04,1.15,40.6,13.52,41.09,36.1,43.25,33.16,85.32,22.63,42.49,41.58,1116.64
04-Jun-04,1.18,41.13,13.67,41.34,36.27,43.45,33.22,85.53,22.68,42.66,41.41,1122.5
07-Jun-04,1.23,41.93,13.93,41.97,37.33,43.31,33.59,86.58,23.1,43.56,42.01,1140.42
08-Jun-04,1.25,42.26,14.13,42.42,37.05,43.6,33.71,87.95,23.25,43.62,41.91,1142.18
09-Jun-04,1.25,42.13,14.11,42.35,36.22,43.13,33.42,88,23.14,43.12,41.49,1131.33
10-Jun-04,1.27,42.77,14.28,42.55,36.32,43.07,33.26,88.36,23.4,43.39,41.99,1136.47
14-Jun-04,1.4,41.91,13.95,42.47,35.91,42.28,32.78,87.98,23.52,42.83,41.87,1125.29
15-Jun-04,1.32,42.4,14.12,43.04,36.22,43.22,32.73,88.44,23.96,43.09,42.09,1132.01
16-Jun-04,1.28,42.61,14.33,42.81,35.55,43.34,32.85,88.28,23.88,43.09,42.71,1133.56
17-Jun-04,1.25,42.51,14.33,42.95,35.89,43.56,32.89,88.34,24.28,43.15,42.75,1132.05
18-Jun-04,1.26,42.7,14.56,43.36,35.75,43.59,33.04,87.97,24.78,43.53,42.95,1135.02
21-Jun-04,1.32,42.15,14.34,42.76,36.02,43.22,32.83,87.41,24.78,43.24,42.71,1130.3
22-Jun-04,1.3,42.38,14.66,42.34,36.82,42.9,32.55,87.93,24.73,43.06,42.87,1134.41
23-Jun-04,1.27,42.95,14.99,43.2,37.42,43.1,32.61,88.68,24.74,43.29,43.4,1144.06
24-Jun-04,1.26,42.53,14.8,43.39,38,43.19,32.47,87.9,24.82,43.48,43.22,1140.65
25-Jun-04,1.28,42.41,14.53,43.02,37.54,42.37,31.54,87.47,24.98,42.89,42.25,1134.43
28-Jun-04,1.36,41.39,14.34,42.97,37.22,42.49,31.77,86.65,24.72,42.63,42.37,1133.35
29-Jun-04,1.36,41.67,14.55,43.64,37.86,42.68,32.03,86.24,24.91,42.46,42.55,1136.2
30-Jun-04,1.31,41.46,14.34,44.1,38.16,42.82,31.97,86.1,24.97,42.61,42.4,1140.84
01-Jul-04,1.2,40.48,13.77,43.72,37.56,42.41,31.64,85.47,25.03,42.18,42.57,1128.94
02-Jul-04,1.27,40.26,13.7,43.14,36.85,42.24,31.65,85.02,24.98,41.94,42.7,1125.38
06-Jul-04,1.32,39.65,13.71,42.64,36.86,42,31.59,83.71,24.49,41.65,43.06,1116.21
07-Jul-04,1.28,39.35,13.71,42.69,37.23,41.74,31.45,83.37,24.56,41.82,43.32,1118.33
08-Jul-04,1.25,38.95,13.54,42.57,36.76,41.39,31.65,81.71,24.16,41.4,43.27,1109.11
09-Jul-04,1.25,39.37,13.89,43.27,37.03,41.34,31.71,81.94,24.35,41.27,43.4,1112.81
12-Jul-04,1.32,39.43,13.89,43.41,37.58,41.17,31.36,82.15,24.38,41.15,43.39,1114.35
13-Jul-04,1.32,39.76,13.89,43.56,38.08,41.06,31.86,83.27,24.13,41.51,43.17,1115.14
14-Jul-04,1.32,39.28,13.84,43.31,37.84,41.18,31.72,82.18,24.59,41.33,43.4,1111.47
15-Jul-04,1.32,39.11,13.78,43.87,38.14,40.3,30.39,82.07,24.36,40.52,43.27,1106.69
16-Jul-04,1.32,38.8,13.61,43.77,37.57,40.38,30.2,82.32,24.02,39.97,43.76,1101.39
19-Jul-04,1.33,38.95,13.73,43.34,37.76,40.07,29.95,83.32,24.43,40.31,43.82,1100.9
20-Jul-04,1.34,38.8,13.38,43.66,37.7,40.41,30.15,84.35,24.76,40.37,43.82,1108.67
21-Jul-04,1.33,38.58,13.32,44.67,37.16,40.19,29.84,83.32,25.23,40.27,43.13,1093.88
22-Jul-04,1.34,38.4,13.43,44.64,35.51,40.89,30.32,84.06,25.35,40.87,43.34,1096.84
23-Jul-04,1.35,38.21,13.45,44.39,35.36,40.71,30.12,82.88,24.5,40.61,43.27,1086.2
26-Jul-04,1.43,37.97,13.51,44.83,35.06,40.56,29.6,83.11,25.05,40.15,43.28,1084.07
27-Jul-04,1.44,38.68,13.64,45.55,34.85,40.6,29.94,83.89,24.86,40.23,43.36,1094.83
28-Jul-04,1.43,39.27,14.02,45.65,35.46,40.58,29.49,83.86,24.98,40.42,43.74,1095.42
29-Jul-04,1.42,38.05,13.8,45.36,35.7,40.92,29.78,84.75,24.9,40.95,43.95,1100.43
30-Jul-04,1.42,38.39,13.58,45.07,35.49,40.88,29.81,85.05,24.91,40.78,44.21,1101.72
02-Aug-04,1.48,38.54,13.89,45.3,35.3,40.99,30.03,84.68,24.93,40.99,44.16,1106.62
03-Aug-04,1.46,38.33,13.57,45.12,34.61,40.45,30.26,83.72,24.54,40.73,44.77,1099.69
04-Aug-04,1.46,38.38,13.56,45.12,34.62,40.47,30.22,83.97,24.53,41.06,44.15,1098.63
05-Aug-04,1.45,37.86,13.1,44.1,33.62,40.05,29.52,83.21,24.07,40.53,43.76,1080.7
06-Aug-04,1.41,36.93,12.98,43.41,33.92,39.3,29.08,81.71,23.73,39.94,43.08,1063.97
09-Aug-04,1.49,36.88,12.99,43.13,33.84,39.72,29.1,81.78,23.76,40.2,43.5,1065.22
10-Aug-04,1.49,37.53,13.21,44,34.41,40.25,29.36,83.19,24.23,40.86,43.24,1079.04
11-Aug-04,1.42,37.59,13.13,44.3,34.8,40.56,29.79,81.92,23.96,41.02,43.35,1075.79
12-Aug-04,1.41,36.76,12.79,43.77,34.65,40.37,29.47,80.47,23.5,40.6,42.8,1063.23
13-Aug-04,1.41,36.65,12.73,43.83,34.65,40.19,29.21,82.13,23.62,40.7,43.15,1064.8
16-Aug-04,1.47,37.31,12.97,44.7,35.19,40.63,29.44,82.24,23.68,41.4,43.31,1079.34
17-Aug-04,1.45,37.45,13.06,44.43,35,40.54,29.43,82.26,23.65,41.76,42.61,1081.71
18-Aug-04,1.46,37.79,13.2,44.95,35.01,41.29,29.87,83.33,24,42.21,43.04,1095.17
19-Aug-04,1.45,37.41,12.92,44.9,34.42,40.94,29.52,83.09,23.71,42.04,43.31,1091.23
20-Aug-04,1.46,37.22,13.02,45.5,34.88,41.54,29.76,83.45,23.78,42.5,43.46,1098.35
23-Aug-04,1.52,37.25,12.96,44.95,34.79,41.66,29.68,82.86,23.88,42.38,43.21,1095.68
24-Aug-04,1.52,37.37,12.84,45.32,35.32,41.78,29.57,82.92,23.88,42.47,43.08,1096.19
25-Aug-04,1.52,37.59,12.88,45.46,35.67,41.48,29.92,83.27,24.15,42.82,43.41,1104.96
26-Aug-04,1.52,37.74,12.89,45.28,35.59,40.61,30.3,82.9,24.06,42.97,43.46,1105.09
27-Aug-04,1.53,37.6,13.03,45.2,35.59,40.7,30.62,83.14,24.08,43.21,43.65,1107.77
30-Aug-04,1.59,37.02,12.88,45.15,34.89,40.5,30.28,82.61,23.94,42.92,43.35,1099.15
31-Aug-04,1.57,37.21,13.02,45.44,35.11,40.54,30.63,82.9,23.94,43.08,44.28,1104.24
01-Sep-04,1.55,37.12,12.83,45.46,35.07,40.49,30.33,82.44,24.01,42.96,44.61,1105.91
02-Sep-04,1.57,38.68,13.25,46.35,35.34,40.99,30.66,82.78,24.22,43.48,45.12,1118.31
03-Sep-04,1.62,38.3,13.11,45.63,35.52,41.34,30.52,82.6,23.77,43.32,45.2,1113.63
07-Sep-04,1.64,38.85,13.44,45.96,36.43,41.62,30.7,83.17,23.99,43.66,45.29,1121.3
08-Sep-04,1.62,38.92,13.15,45.87,36.31,41.49,30.73,84.04,23.9,43.3,45.21,1116.27
09-Sep-04,1.61,38.57,13.08,45.54,36.15,41.14,30.42,84.61,23.92,43.42,45.61,1118.38
10-Sep-04,1.63,38.44,12.88,45.69,36.26,41.61,29.88,84.92,24.1,43.69,45.5,1123.92
13-Sep-04,1.64,38.73,13.01,45.8,36.68,41.32,30.13,84.66,23.89,43.47,45.62,1125.82
14-Sep-04,1.64,38.41,12.9,45.66,36.56,41.41,30.12,84.89,24.06,43.64,45.6,1128.33
15-Sep-04,1.64,37.93,12.74,45.57,36.05,41.27,29.87,84.54,23.84,43.45,45.56,1120.37
16-Sep-04,1.64,37.85,12.87,45.91,36.14,41.07,29.8,84.3,23.9,43.63,45.67,1123.5
17-Sep-04,1.68,37.87,13.12,46.28,36.76,40.88,29.74,83.93,24.12,43.42,46.46,1128.55
20-Sep-04,1.7,37.68,13.04,45.99,36.64,40.61,29.06,83.89,24.12,41.99,46.31,1122.2
21-Sep-04,1.69,37.87,13.13,46.04,36.86,40.76,28.97,83.91,23.9,42.22,47.54,1129.3
22-Sep-04,1.68,37.36,12.92,45.35,36.39,40.68,28.32,82.53,23.78,41.04,46.93,1113.56
23-Sep-04,1.69,37.1,12.73,44.78,35.97,40.24,28.07,82.11,23.98,40.58,45.87,1108.36
24-Sep-04,1.7,37.25,12.73,44.59,36.1,40.09,27.81,82.64,23.93,40.83,45.94,1110.11
27-Sep-04,1.72,37.06,12.82,44.17,35.94,40.42,27.77,82.38,23.84,40.33,46.07,1103.52
28-Sep-04,1.69,37.15,12.84,44.69,37.13,40.84,28.21,82.69,23.91,40.98,46.61,1110.06
29-Sep-04,1.69,37.02,12.79,44.88,38.87,40.97,28.3,83.18,24.18,41.34,46.25,1114.8
30-Sep-04,1.68,38.26,12.96,45.19,38.85,30,28.69,83.93,24.24,40.8,46.42,1114.58
01-Oct-04,1.67,38.85,13.09,45.89,38.92,30.28,29.04,84.89,24.77,41.5,46.96,1131.5
04-Oct-04,1.69,38.26,13.06,45.75,39.23,31.12,29.35,85.32,24.65,41.37,46.99,1135.17
05-Oct-04,1.68,37.97,13.07,45.37,38.81,30.39,29.34,85.47,24.88,41.17,47.37,1134.48
06-Oct-04,1.68,37.9,13.08,45.35,39.11,28.79,29.24,86.18,25.01,41.38,48.05,1142.05
07-Oct-04,1.67,37.41,12.79,44.71,38.63,28.16,28.12,85.57,24.7,41.39,47.78,1130.65
08-Oct-04,1.67,37.37,12.87,44.73,38.39,27.58,27.94,84.88,24.54,41.21,47.87,1122.14
11-Oct-04,1.68,37.31,12.87,44.65,38.35,27.94,28.42,84.8,24.6,41.49,47.82,1124.39
12-Oct-04,1.69,37.65,12.75,44.67,38.5,28.04,28,84.18,24.58,41.43,47.42,1121.84
13-Oct-04,1.69,37.2,12.63,43.79,38.19,27.34,27.71,83.18,24.58,40.79,46.57,1113.65
14-Oct-04,1.71,34.98,12.11,43.89,38.39,27.44,27.27,82.99,24.37,40.41,46.79,1103.29
15-Oct-04,1.72,35.08,12.23,44.36,39.16,27.73,26.72,83.05,24.54,40.64,47.08,1108.2
18-Oct-04,1.78,35.04,12.36,43.55,39.18,28.09,27.19,84.1,24.91,40.9,46.82,1114.02
19-Oct-04,1.79,34.22,11.93,43.58,39.05,28.33,27.19,87.48,24.71,40.31,46.4,1103.23
20-Oct-04,1.79,34.08,11.9,43.5,39.01,28.54,26.54,86.94,25.16,40.04,46.94,1103.66
21-Oct-04,1.81,34.3,12.05,44.05,37.39,28.42,26.67,86.24,25.04,39.72,46.88,1106.49
22-Oct-04,1.81,34.05,11.97,44.03,37.54,27.78,26.01,85.54,24.32,39.36,46.78,1095.74
25-Oct-04,1.87,33.36,11.72,44.36,38.02,27.72,26.05,86.56,24.22,39.38,46.88,1094.8
26-Oct-04,1.86,33.84,11.86,44.81,38.54,27.87,26.57,87.12,24.46,40.08,47.44,1111.09
27-Oct-04,1.88,34.3,12.12,44.95,39.22,28.38,27.23,88.1,24.68,40.65,47.02,1125.4
28-Oct-04,1.87,34.95,12.24,44.55,38.6,28.7,26.92,87.61,24.56,41.31,46.69,1127.44
29-Oct-04,1.87,34.72,12.12,44.92,39.09,28.46,27.15,87.85,24.52,41.41,47.28,1130.2
01-Nov-04,1.96,35.43,12.3,45.87,39.72,25.71,27.01,88.2,24.62,41.36,46.89,1130.51
02-Nov-04,1.94,35.29,12.31,45.23,39.79,24.36,26.91,88.56,24.76,41.91,46.52,1130.56
03-Nov-04,1.92,34.95,12.32,45.98,40.89,25.34,27.62,89.27,24.96,42.27,47.32,1143.2
04-Nov-04,1.94,36.04,12.81,46.43,41.68,24.56,27.25,90.43,25.43,43.02,48.21,1161.67
05-Nov-04,1.99,36.31,12.84,47.06,42.31,23.83,27,91.31,25.7,43.05,48.4,1166.17
08-Nov-04,2.04,36.25,12.8,47.03,42.23,24.15,26.64,91.57,25.67,43.17,48.19,1164.89
09-Nov-04,2.04,36.47,13.09,47.04,42.86,23.64,26.4,91.57,26.1,43.13,47.62,1164.08
10-Nov-04,2.04,35.91,12.93,47.24,43.07,24.01,25.91,91.81,26.07,42.98,47.97,1162.91
11-Nov-04,2.04,36.41,13.25,47.17,43.61,23.77,25.61,92.96,26.29,43.18,47.96,1173.48
12-Nov-04,2.04,36.69,13.23,47.3,43.67,24.05,25.9,93.48,26.28,43.93,48.69,1184.17
15-Nov-04,2.09,36.72,13.34,47.41,43.53,24.63,26.06,94.07,26.76,43.56,47.88,1183.81
16-Nov-04,2.1,36.19,13.21,47.13,43.62,24.98,25.77,93.06,26.5,42.98,47.72,1175.43
17-Nov-04,2.09,36.29,13.31,47.28,44.11,24.85,26.4,93.62,26.55,43.1,48.29,1181.94
18-Nov-04,2.09,36.39,13.33,47.46,44.38,24.87,26.2,93.27,26.45,42.85,48.33,1183.55
19-Nov-04,2.1,35.49,13.16,47.23,43.77,24.65,25.69,92.63,26.25,42.14,48.65,1170.34
22-Nov-04,2.16,35.63,13.1,47.22,43.73,24.66,25.54,93.28,26.04,42.16,49.16,1177.24
23-Nov-04,2.13,35.34,13.1,47.2,44.11,24.67,25.38,93.44,25.92,42.2,49.44,1176.94
24-Nov-04,2.14,36.09,13.09,47.27,44.68,24.75,25.27,93.62,26.03,42.48,49.72,1181.76
26-Nov-04,2.16,35.79,13.25,47.17,45.04,25.18,25.62,92.9,25.99,42.39,49.88,1182.65
29-Nov-04,2.2,35.43,13.23,47.23,44.24,25.15,25.78,93.66,26.16,41.96,49.61,1178.57
30-Nov-04,2.2,35.21,13.18,47.39,44.43,25.47,26.2,92.42,26.2,41.77,49.49,1173.82
01-Dec-04,2.18,35.35,13.15,48.64,44.97,25.55,26.63,94.03,26.63,42.88,49.4,1191.37
02-Dec-04,2.18,35.05,13.23,48.14,44.52,26.36,26.85,93.92,26.47,42.71,48.45,1190.33
03-Dec-04,2.17,35.19,13.31,47.8,44.13,26.43,26.31,95.21,26.61,42.61,48.55,1191.17
06-Dec-04,2.22,34.9,13.27,47.59,43.96,25.91,25.67,95.79,26.71,43.09,48.42,1190.25
07-Dec-04,2.21,34.84,13.23,46.94,44.08,25.7,25.66,94.25,26.45,42.93,48,1177.07
08-Dec-04,2.2,34.91,13.21,47.69,43.99,26.44,25.94,94.79,26.74,43.2,48.3,1182.81
09-Dec-04,2.2,34.99,13.24,48.3,44.39,26.48,25.82,95.63,26.61,43.34,48.59,1189.24
10-Dec-04,2.21,35.52,13.22,49.06,44.47,26.49,25.56,94.81,26.46,42.85,48.43,1188
13-Dec-04,2.21,35.38,13.23,49.96,45.61,26.77,25.62,94.59,26.63,43.65,48.93,1198.68
14-Dec-04,2.18,35.25,13.32,50.02,45.48,27.3,25.78,95.44,26.61,43.74,48.92,1203.38
15-Dec-04,2.17,35.55,13.29,49.73,46.05,28.09,26.72,95.45,26.49,44.15,48.78,1205.72
16-Dec-04,2.16,35.79,13.22,49.54,46.01,29.3,27.34,95.57,26.54,43.91,48.38,1203.21
17-Dec-04,2.16,35.24,13.33,50.46,45.74,29.11,24.29,94.35,26.34,43.51,48.09,1194.2
20-Dec-04,2.19,35.5,13.63,50.33,45.79,29.04,22.91,94.69,26.33,43.58,49.31,1194.65
21-Dec-04,2.17,36.08,13.68,50.43,46.72,29.47,23.56,95.15,26.45,44.04,49.92,1205.45
22-Dec-04,2.15,36.62,13.79,51,47.15,29.69,24.48,95.73,26.35,45.09,49.53,1209.57
23-Dec-04,2.15,36.34,13.76,51.25,47.23,29.77,24.59,95.84,26.39,45.5,50.19,1210.13
27-Dec-04,2.24,36.18,13.71,50.64,46.64,29.44,25,95.62,26.24,45.09,49.14,1204.92
28-Dec-04,2.22,36.47,13.84,50.87,47.79,29.67,25.41,96.41,26.33,45.13,49.3,1213.54
29-Dec-04,2.19,36.74,13.71,50.49,47.79,29.71,25.72,96.29,26.29,44.81,49.38,1213.45
30-Dec-04,2.18,36.65,13.76,50.39,47.34,29.69,25.48,96.41,26.15,44.83,49.28,1213.55
31-Dec-04,2.18,36.55,13.61,50.19,47.33,29.62,25.37,96.68,26.11,44.97,49.5,1211.92
03-Jan-05,2.29,36.77,13.68,50.02,46.14,28.81,24.95,95.87,26.13,45.05,48.37,1202.08
04-Jan-05,2.3,36.4,13.63,49.44,45.63,28.69,24.95,94.84,26.23,44.67,48.04,1188.05
05-Jan-05,2.29,35.69,13.42,49.07,44.76,28.88,24.78,94.64,26.17,45.23,47.79,1183.74
06-Jan-05,2.27,35.99,13.44,49.1,45.42,29.08,24.8,94.35,26.14,45.67,48.4,1187.89
07-Jan-05,2.29,35.58,13.62,48.57,45.32,28.69,24.81,93.93,26.06,45.41,48.08,1186.19
10-Jan-05,2.33,35.12,13.53,48.44,44.9,29.03,24.94,93.84,26.19,45.12,48.27,1190.25
11-Jan-05,2.31,35.08,13.42,48.64,44.28,28.73,24.67,93.17,26.12,45,48.14,1182.99
12-Jan-05,2.3,35.03,13.32,49.51,44.83,28.64,24.56,93.38,26.17,44.86,48.86,1187.7
13-Jan-05,2.31,34.05,13.09,48.86,45.07,28.25,23.9,92.63,25.67,44.43,48.82,1177.45
14-Jan-05,2.32,33.88,13.07,49.02,45.47,28.45,23.82,92.29,25.52,44.34,49.32,1184.52
18-Jan-05,2.36,33.55,13.09,49.63,45.11,28.85,23.87,93.07,25.72,44.96,49.73,1195.98
19-Jan-05,2.33,33.49,12.95,49.07,44.61,28.59,23.47,91.31,25.39,44.84,49.3,1184.63
20-Jan-05,2.31,33.07,12.52,48.46,43.91,28.32,23.56,91.21,25.27,44.58,48.98,1175.41
21-Jan-05,2.31,32.81,12.19,48.6,43.5,27.98,23.09,90.6,25.06,44.73,48.71,1167.87
24-Jan-05,2.34,33.23,12.15,48.08,42.96,27.51,22.89,90.02,25.08,45.13,49.38,1163.75
25-Jan-05,2.36,33.3,12.3,48.36,44.12,28.52,23.2,90.41,25.43,45.27,49.57,1168.41
26-Jan-05,2.37,33.74,12.51,48.96,44.42,28.73,23.2,90.18,25.42,45.25,49.93,1174.07
27-Jan-05,2.4,33.49,12.36,49.61,42.18,28.73,23.28,90.21,25.51,45.32,49.98,1174.55
28-Jan-05,2.41,33.43,12.31,49.54,42.63,25.82,22.97,91.1,25.58,45.15,49.51,1171.36
31-Jan-05,2.48,33.59,12.34,48.89,43.43,25.85,22.79,91.62,25.68,45.78,49.83,1181.27
01-Feb-05,2.47,33.65,12.25,48.57,43.93,25.65,22.51,92.05,25.79,46.18,51.44,1189.41
02-Feb-05,2.47,34.26,12.43,48.38,44.36,26.23,22.71,92.48,25.86,46.37,52.08,1193.19
03-Feb-05,2.44,34.04,12.28,48.81,44.75,26.18,22.56,91.74,25.58,46.28,52.65,1189.89
04-Feb-05,2.43,33.96,12.39,49.4,44.8,26.13,22.86,92.69,25.72,46.88,53.39,1203.03
07-Feb-05,2.48,34.52,12.57,48.65,44.54,26.2,23.5,92.71,25.56,46.83,53.5,1201.72
08-Feb-05,2.48,34.21,12.33,49.05,44.59,26.54,24.1,92.49,25.64,46.59,54.13,1202.3
09-Feb-05,2.47,33.85,12.29,48.81,44.18,26.45,23.81,91.09,25.48,46.31,53.9,1191.99
10-Feb-05,2.47,33.92,12.27,49.86,44.88,26.5,23.81,91.15,25.47,46.12,54.67,1197.01
11-Feb-05,2.5,34.35,12.24,49.24,45.23,26.92,23.9,91.68,25.38,46.52,54.45,1205.3
14-Feb-05,2.55,34.44,12.27,49.2,44.95,27.1,24.22,91.94,25.42,46.38,55.15,1206.14
15-Feb-05,2.55,34.42,12.33,49.91,44.6,27.05,23.97,92.69,25.42,46.52,55.24,1210.12
16-Feb-05,2.53,34.38,12.41,50.16,45.11,26.74,23.71,92.97,25.28,46.31,56.75,1210.34
17-Feb-05,2.53,34.41,12.18,49.5,44.76,26.59,23.82,92.12,25.14,45.95,56.41,1200.75
18-Feb-05,2.56,34.49,12.14,49.22,44.28,30.05,25.47,91.65,24.98,45.74,57.65,1201.59
22-Feb-05,2.63,33.99,11.95,48.11,43.61,28.76,25.27,90.71,24.73,45.15,56.53,1184.16
23-Feb-05,2.63,33.99,12,48.65,44.1,29.27,25.01,90.5,24.7,45.56,57.66,1190.8
24-Feb-05,2.64,33.93,11.99,48.78,45.41,29.48,25.09,91.03,24.87,45.48,59.32,1200.2
25-Feb-05,2.69,34.11,12.18,49.27,46.22,29.4,25.53,91.19,24.75,45.46,61.39,1211.37
28-Feb-05,2.72,32.97,11.85,48.71,46.33,29.21,24.99,90.97,24.66,44.94,61.44,1203.6
01-Mar-05,2.7,33.27,11.87,48.72,47.47,29.61,25.29,91.68,24.78,45.09,60.26,1210.41
02-Mar-05,2.68,32.64,11.68,48.54,47.37,29.47,25.29,91.3,24.76,45.32,60.83,1210.08
03-Mar-05,2.7,32.52,11.71,48.63,47.65,29.45,25.27,90.8,24.67,45.17,61.19,1210.47
04-Mar-05,2.7,32.22,11.62,49.13,48.73,29.54,25.52,90.76,24.67,45.58,61.69,1222.12
07-Mar-05,2.71,32.29,11.73,49.41,48.21,29.56,25.83,90.01,24.97,45.64,61.14,1225.31
08-Mar-05,2.7,31.85,11.66,49.88,48.26,29.59,25.43,90.53,24.9,45.64,61.23,1219.43
09-Mar-05,2.7,31.52,11.56,49.04,47.19,29.68,25.41,90.74,24.81,45.09,58.99,1207.01
10-Mar-05,2.69,32.01,11.59,49.67,47.9,29.99,25.42,90.8,24.93,45.34,58.59,1209.25
11-Mar-05,2.7,31.76,11.61,49.44,48.26,29.99,25.05,89.92,24.59,45,59.25,1200.08
14-Mar-05,2.75,31.75,11.61,50.23,47.06,30.11,25.21,90.3,24.61,45.41,59.47,1206.83
15-Mar-05,2.75,31.18,11.46,49.89,47.16,29.84,24.99,89.79,24.42,45.01,58.57,1197.75
16-Mar-05,2.74,26.83,11.16,49.51,46.93,29.56,24.76,89.07,24.14,44.61,58.51,1188.07
17-Mar-05,2.73,26.22,10.93,49.93,47.2,29.58,24.72,88.3,24.05,44.48,59.67,1190.21
18-Mar-05,2.75,26.47,10.67,50.6,46.99,29.88,24.55,87.73,23.83,44.12,60.8,1189.65
21-Mar-05,2.8,27.46,10.78,50.64,46.89,29.69,24.44,87.95,23.72,43.09,60.31,1183.78
22-Mar-05,2.83,27.32,10.47,50.11,46.17,29.82,24.16,87.94,23.51,41.85,59.1,1171.71
23-Mar-05,2.77,26.5,10.3,49.68,45.65,29.9,24.75,88.95,23.7,41.86,58.31,1172.53
24-Mar-05,2.78,27.1,10.58,49.71,45.62,29.72,24.87,89.12,23.8,41.92,57.26,1171.42
28-Mar-05,2.79,26.24,10.51,49.71,45.93,29.62,24.93,89.46,23.72,42.16,57.15,1174.28
29-Mar-05,2.78,26.46,10.56,49.49,43.77,29.85,24.37,89.02,23.45,41.76,56.55,1165.36
30-Mar-05,2.77,27.28,10.72,50.1,44.59,30.25,24.99,89.1,23.68,42.3,57.49,1181.41
31-Mar-05,2.73,27.18,10.62,49.58,44.57,30.19,24.97,89.79,23.69,42.32,57.84,1180.59
01-Apr-05,2.74,27.17,10.47,49.23,43.95,30.13,24.85,88.87,23.64,42.02,58.76,1172.92
04-Apr-05,2.75,26.86,10.39,48.7,43.97,30.31,24.64,88.75,23.75,41.99,58.86,1176.12
05-Apr-05,2.74,26.85,10.4,48.66,44.05,30.81,25.57,88.01,23.99,42.32,58.28,1181.39
06-Apr-05,2.71,27.61,10.41,48.96,44.55,30.67,25.53,87.45,24.18,42.52,59.1,1184.07
07-Apr-05,2.71,28.23,10.59,49.59,44.64,31.23,25.57,86.9,24.6,42.81,59.05,1191.14
08-Apr-05,2.73,27.28,10.33,49.17,44.21,31.08,25.28,86.08,24.45,42.75,58.24,1181.2
11-Apr-05,2.71,27.05,9.78,49.25,43.96,30.91,25.15,84.7,24.48,42.95,58.51,1181.21
12-Apr-05,2.71,26.82,9.43,49.79,44.55,31.53,25.55,84.26,24.82,43.74,58.64,1187.76
13-Apr-05,2.72,26.2,9.42,49.29,43.19,32.19,25.93,83.1,24.54,43.14,57.4,1173.79
14-Apr-05,2.72,24.65,9.13,48.6,41.63,32.44,26.09,82.19,24.35,42.75,57.01,1162.05
15-Apr-05,2.73,23.67,8.9,47.58,40.68,32.45,26.34,75.37,23.98,43.08,54.53,1142.62
18-Apr-05,2.85,24.22,8.75,47.9,40.74,32.11,26.23,75.32,24.16,43.51,55.56,1145.98
19-Apr-05,2.85,24.13,8.69,47.93,41.41,32.34,26.06,74.17,24.14,43.65,56.9,1152.78
20-Apr-05,2.81,23.88,8.75,48.3,42.92,31.77,25.43,70.76,23.84,43.44,55.45,1137.5
21-Apr-05,2.82,24.05,9.2,49.94,43.91,31.97,25.9,72.74,24.78,43.57,57.53,1159.95
22-Apr-05,2.87,24.73,9.27,49.53,43.98,31.89,25.87,72.92,24.49,43.62,57.66,1152.12
25-Apr-05,2.88,24.74,9.17,49.88,44.63,31.63,25.69,73.31,24.5,44.05,58.19,1162.1
26-Apr-05,2.86,24.52,8.97,49.4,43.52,31.34,25.58,74.12,24.27,43.9,57.52,1151.83
27-Apr-05,2.83,24.93,8.84,49.54,43.12,31.23,25.59,75.71,24.5,44.3,56.65,1156.38
28-Apr-05,2.82,24.74,8.66,48.7,42.46,31.51,25.37,74.59,23.97,43.91,54.34,1143.22
29-Apr-05,2.84,24.67,8.63,49.61,43.12,31.62,25.82,75.05,24.8,44.64,55.34,1156.85
02-May-05,2.88,25.12,8.73,49.49,43.29,31.71,26.05,75.18,24.73,44.23,56.03,1162.16
03-May-05,2.85,25.68,8.97,49.24,42.89,32.1,26.14,75.14,24.86,44.49,54.83,1161.17
04-May-05,2.81,30.33,9.62,49.85,43.79,32.58,26.45,75.74,24.71,44.65,55.54,1175.65
05-May-05,2.75,28.54,9.19,49.94,44,32.41,26.47,74.19,24.73,44.56,56.09,1172.63
06-May-05,2.8,28.45,9.24,49.76,44.16,31.86,26.24,74.15,24.72,44.29,55.9,1171.35
09-May-05,2.86,28.97,9.42,50.25,44.21,31.89,26.58,73.87,24.61,44.53,56.3,1178.84
10-May-05,2.84,29.16,9.26,49.72,43.91,31.6,26.29,72.22,24.41,44.09,55.54,1166.22
11-May-05,2.81,28.67,9.13,50.71,44.52,31.24,26.46,72.2,24.42,44.39,55.88,1171.11
12-May-05,2.82,28.32,8.85,49.73,43.53,31.37,26.44,71.55,24.5,44.11,53.47,1159.36
13-May-05,2.76,28.65,8.81,49.31,43.59,31.2,26.66,72.08,24.8,43.64,52.38,1154.05
16-May-05,2.84,28.68,8.91,50.13,44.26,31.2,27.02,73.24,25.06,44.49,52.04,1165.69
17-May-05,2.82,29,8.82,51.04,45.04,30.79,26.99,73.19,25.03,44.83,52.53,1173.8
18-May-05,2.8,29.71,9.39,51.8,45.8,30.73,27.22,75.23,25.27,45.38,52.33,1185.56
19-May-05,2.81,30.78,9.48,51.43,45.79,30.58,27.48,76.02,25.49,45.47,53.48,1191.08
20-May-05,2.83,31,9.47,51.5,45.86,30.42,27.35,75.28,25.31,45.44,52.68,1189.28
23-May-05,2.91,30.63,9.63,52.72,46.06,30.43,27.52,75.38,25.42,45.25,53.4,1193.86
24-May-05,2.88,29.79,9.45,52.41,45.95,30.53,27.6,74.69,25.32,45.35,53.69,1194.07
25-May-05,2.89,29.6,9.43,52.32,45.29,30.35,27.44,74.88,25.28,45.1,54.31,1190.01
26-May-05,2.88,30.03,9.5,52.71,46.25,30.17,27.66,76,25.47,45.04,54.84,1197.62
27-May-05,2.9,29.92,9.54,52.84,46.19,30.26,27.13,75.96,25.63,44.94,55.4,1198.78
31-May-05,2.93,29.64,9.45,52.26,46.09,30.25,26.7,74.43,25.37,44.78,54.82,1191.5
01-Jun-05,2.91,29.5,9.39,52.65,46.76,30.38,26.96,75.7,25.38,45.36,55.74,1202.22
02-Jun-05,2.91,29.36,9.73,52.45,46.61,30.41,26.99,76.21,25.36,45.35,55.91,1204.29
03-Jun-05,2.94,29.07,9.37,52.04,46.02,30.28,26.76,74.67,25.01,45.21,55.74,1196.02
06-Jun-05,2.96,28.59,9.43,52.38,46.11,30.23,26.81,73.89,24.95,45.33,56.18,1197.51
07-Jun-05,2.96,28.88,9.53,52.42,46.3,30.27,26.76,73.93,25.08,45.3,56.04,1197.26
08-Jun-05,2.96,30.1,9.55,52.03,47.3,29.85,26.46,73.69,24.98,45.39,55.33,1194.67
09-Jun-05,2.93,29.9,9.49,51.89,47.73,29.58,26.35,73.82,25.08,45.32,57,1200.93
10-Jun-05,2.94,32.44,9.78,51.39,47.52,29.62,26.49,73.66,25.01,45.28,56.94,1198.11
13-Jun-05,2.97,32.38,9.96,51.64,47.79,29.77,26.69,73.94,24.89,45.25,57.01,1200.82
14-Jun-05,2.95,33.71,10.25,51.86,48.27,29.99,27.17,73.78,24.94,45.07,57.11,1203.91
15-Jun-05,2.94,34.16,10.57,51.29,48.28,30.1,27.21,75.17,24.84,45.06,57.79,1206.58
16-Jun-05,2.91,33.48,10.77,51.46,48.15,30.2,27.37,75.91,24.62,45.19,58.64,1210.96
17-Jun-05,2.92,33.54,10.68,52.05,49.07,30.4,27.54,75.26,24.62,45.11,59.39,1216.96
20-Jun-05,2.96,33.67,10.52,52.21,49.37,30.3,27.52,75.42,24.69,45.03,59.35,1216.1
21-Jun-05,2.96,33.75,10.58,51.82,50.05,30.19,27.38,75.28,24.73,44.98,58.04,1213.61
22-Jun-05,2.97,32.73,10.11,51.88,49.25,30.18,27.55,76.09,24.65,45.09,58.2,1213.88
23-Jun-05,3,31.8,9.85,51.3,48.23,29.49,27.66,74.3,24.89,44.56,57.57,1200.73
24-Jun-05,3.02,32.03,9.67,51.06,47.44,28.83,27.29,72.92,24.62,44.63,56.72,1191.57
27-Jun-05,3.09,31.46,9.58,50.47,47.47,28.78,26.87,72.79,24.63,44.46,57.84,1190.69
28-Jun-05,3.08,32.29,9.85,51.94,47.9,29.23,26.7,74.19,24.65,44.69,57.64,1201.57
29-Jun-05,3.06,32.12,9.86,51.44,47.33,29.09,26.64,73.63,24.67,44.47,57,1199.85
30-Jun-05,3.06,31.96,9.7,50.3,46.68,29.06,26.39,73.1,24.43,43.94,56.06,1191.33
01-Jul-05,3.1,32.57,9.76,50.33,46.98,29.31,25.93,73.57,24.3,43.88,56.87,1194.44
05-Jul-05,3.15,32.68,9.85,50.59,47.1,29.35,25.89,73.68,24.56,44.16,58.66,1204.99
06-Jul-05,3.12,32.16,9.8,49.52,46.67,28.84,25.62,74.69,24.29,44.01,57.65,1194.94
07-Jul-05,3.08,31.79,9.73,49.7,47.68,28.29,25.6,76.24,24.24,43.98,58.05,1197.87
08-Jul-05,3.1,32.6,9.87,50.49,48.34,29.25,25.97,78.13,24.67,44.21,57.94,1211.86
11-Jul-05,3.13,33.65,10.14,50.73,48.96,29.48,25.95,77.79,24.87,43.83,58.49,1219.44
12-Jul-05,3.14,33.7,10.21,50.13,48.47,29.82,25.91,78.86,25.18,43.72,58.42,1222.21
13-Jul-05,3.15,33.71,10.12,50.4,48.9,29.84,26.06,80.25,25.23,43.48,58.29,1223.29
14-Jul-05,3.16,34.78,10.31,50.56,49.95,30.11,26.41,81.2,25.54,44.2,57.15,1226.5
15-Jul-05,3.18,34.53,10.42,50.65,49.63,30.11,26.38,81.16,25.36,44.12,56.73,1227.92
18-Jul-05,3.23,34.32,10.35,50.32,49.78,30.08,26.08,80.6,25.12,42.77,56.72,1221.13
19-Jul-05,3.24,34.62,10.26,50.79,52.31,30.15,26.2,82.46,25.72,42.2,57.33,1229.35
20-Jul-05,3.23,34.38,10.35,50.88,52.35,30.06,25.9,83.35,25.75,42.02,57.55,1235.2
21-Jul-05,3.27,33.83,10.08,50.74,51.47,29.61,25.45,83.15,26,41.97,56.46,1227.04
22-Jul-05,3.3,34.07,10.15,50.1,51.58,29.39,25.36,83.19,25.25,42.22,58.04,1233.68
25-Jul-05,3.37,33.71,10.05,49.42,51.03,29.01,25.28,82.96,25.26,42.33,58.46,1229.03
26-Jul-05,3.36,34.74,10.28,49.33,51,28.96,25.11,82.88,25.11,42.39,58.13,1231.16
27-Jul-05,3.33,34.68,10.3,49.77,51.95,29.46,25.55,82.63,25.29,42.19,58.13,1236.79
28-Jul-05,3.33,35.27,10.32,50.3,53.58,29.53,25.62,82.56,25.32,42.11,58.52,1243.72
29-Jul-05,3.34,34.61,10.26,49.66,53.05,29.31,25.36,82.23,25.18,41.76,57.3,1234.18
01-Aug-05,3.41,34.64,10.37,49,53.16,28.95,25.49,82.2,25.49,41.95,57.77,1235.35
02-Aug-05,3.41,34.33,10.4,49.22,53.59,28.96,25.78,82.08,26.36,42.31,58.34,1244.12
03-Aug-05,3.38,34.3,10.27,49.08,53.53,29.08,25.77,82.82,26.79,42.29,57.55,1245.04
04-Aug-05,3.39,33.88,10.17,48.51,53.16,28.63,25.46,81.89,26.86,42.17,57.08,1235.86
05-Aug-05,3.44,33.08,9.9,48.36,52.76,28.93,25.12,82.13,27.3,41.89,56.66,1226.42
08-Aug-05,3.47,32.85,9.91,48.34,52.83,28.73,25.08,82.33,26.68,41.57,57.4,1223.13
09-Aug-05,3.44,33.26,9.98,48.75,53.48,29.23,25.55,82.46,26.89,41.86,58,1231.38
10-Aug-05,3.43,33.38,9.94,48.96,54.13,29.41,25.44,81,26.5,41.57,58.71,1229.13
11-Aug-05,3.43,33.28,9.9,50.58,54.62,29.34,25.48,81.63,26.81,41.77,59.74,1237.81
12-Aug-05,3.44,32.94,9.69,50.72,53.93,28.83,25.21,81.17,26.6,41.88,59.84,1230.39
15-Aug-05,3.47,32.93,9.7,50.69,54.38,28.93,25.25,81.48,26.76,42.04,59.22,1233.87
16-Aug-05,3.46,32.47,9.61,50.4,52.84,28.59,25.11,80.29,26.37,42.38,57.9,1219.34
17-Aug-05,3.44,32.48,9.49,50.78,52.61,28.84,25.21,80.29,26.58,42.34,57.03,1220.24
18-Aug-05,3.42,32.01,9.33,50.67,52.31,28.7,24.94,80.14,26.45,42.44,56.96,1219.02
19-Aug-05,3.44,31.95,9.33,50.9,53.95,26.48,24.63,81.73,26.35,42.4,57.65,1219.71
22-Aug-05,3.46,32,9.33,51.03,53.94,26.32,24.44,81.57,26.54,42.43,57.9,1221.73
23-Aug-05,3.46,31.96,9.37,50.69,53.82,26.03,24.18,81.01,26.5,41.82,57.83,1217.59
24-Aug-05,3.45,32.67,9.48,49.92,52.36,26.26,24.15,80.31,26.44,41.33,57.71,1209.59
25-Aug-05,3.46,32.5,9.39,49.8,52.55,26.21,23.97,80.09,26.66,41.54,58.01,1212.37
26-Aug-05,3.47,32.55,9.34,49.47,52.64,26.1,23.99,79.38,26.6,41.38,57.25,1205.1
29-Aug-05,3.47,32.45,9.34,49.54,52.85,26.54,24.19,80.33,26.78,41.8,57.26,1212.28
30-Aug-05,3.46,32.84,9.32,49.09,52.93,26.7,24.23,79.54,26.81,41.53,57.45,1208.41
31-Aug-05,3.44,32.6,9.53,49.19,54.61,27,24.56,79.62,27,42.02,58.71,1220.33
01-Sep-05,3.4,31.43,9.3,49.21,56.04,27.17,24.39,78.55,26.83,41.96,60.46,1221.59
02-Sep-05,3.38,31.38,9.42,49.78,57.32,27.58,24.41,78.47,26.65,42.13,59.48,1218.02
06-Sep-05,3.45,31.56,9.52,50.2,57.58,27.73,24.93,80.01,26.63,42.53,59.85,1233.39
07-Sep-05,3.41,31.46,9.68,50.48,58.13,27.98,25.35,79.97,26.48,42.68,60.24,1236.36
08-Sep-05,3.4,30.89,9.48,50.05,57.4,27.92,25.55,79.8,26.24,42.66,60.08,1231.67
09-Sep-05,3.41,30.93,9.46,50.61,57.92,28.04,25.38,80.43,26.21,42.83,61.95,1241.48
12-Sep-05,3.44,31.18,9.48,50.51,58.35,27.89,25.39,80.47,26.24,43.21,61.28,1240.56
13-Sep-05,3.4,31.17,9.39,50.68,58.46,27.42,25.04,79.75,26.12,43.3,60.64,1231.2
14-Sep-05,3.35,31.24,9.52,50.13,57.37,27.45,25.09,79.48,25.95,43.18,61.23,1227.16
15-Sep-05,3.37,31.03,9.42,49.86,56.82,27.51,24.77,79.02,25.91,43.23,61.22,1227.73
16-Sep-05,3.42,30.97,9.49,50.55,56.8,27.64,24.96,79.33,25.71,43.63,62.44,1237.91
19-Sep-05,3.51,29.85,9.28,50.06,56.06,27.4,24.67,78.44,25.64,43.55,63.35,1231.02
20-Sep-05,3.54,29.63,9.33,50.17,55.91,26.95,24.48,77.72,25.48,43.35,63.25,1221.34
21-Sep-05,3.34,29.27,9.23,49.76,56.2,26.59,24.4,76.6,25.14,43.03,63.68,1210.2
22-Sep-05,3.39,29.01,9.29,50.06,57.08,26.4,24.34,77.24,24.99,43.38,63.69,1214.62
23-Sep-05,3.4,29.62,9.36,50.86,57.98,26.42,23.97,77.03,24.92,43.43,62.56,1215.29
26-Sep-05,3.46,29.7,9.52,50.95,57.41,26.62,24.28,76.45,24.92,43.29,63.32,1215.63
27-Sep-05,3.42,29.34,9.41,51.11,57.79,26.26,23.9,77.02,24.99,43.29,63.34,1215.66
28-Sep-05,3.39,29.4,9.51,51.07,56.64,26.32,23.96,78.51,25.32,43.38,63.42,1216.89
29-Sep-05,3.46,29.26,9.42,50.67,57.07,26.13,24.18,79.36,25.58,43.82,63.51,1227.68
30-Sep-05,3.47,29.18,9.42,51,57.82,26.03,24.07,79.22,25.38,43.7,62.28,1228.81
03-Oct-05,3.54,29.59,9.45,50.86,58.07,26.06,24.38,79.45,25.15,43.69,61.25,1226.7
04-Oct-05,3.55,28.68,9.35,49.61,56.86,26.02,24.33,79.12,24.64,43.53,59.35,1214.47
05-Oct-05,3.5,27.29,9,49.21,55.33,25.72,23.9,78.83,24.33,43.46,57.78,1196.39
06-Oct-05,3.52,27.03,8.91,48.98,54.31,25.66,23.76,78.71,24.39,43.62,57.41,1191.49
07-Oct-05,3.54,26.97,8.82,49.34,55.72,24.73,23.51,79.5,24.25,43.6,58.42,1195.9
10-Oct-05,3.6,24.29,8.53,49.19,54.69,25.73,23.57,80.24,24.12,43.42,57.34,1187.33
11-Oct-05,3.65,25.19,8.32,49.1,54.68,25.59,23.42,82.16,24.07,43.01,58.22,1184.87
12-Oct-05,3.62,25.45,8.31,49.32,53.89,25.62,23.94,81.17,23.97,42.82,57.77,1177.68
13-Oct-05,3.66,25.88,8.59,49.67,53.14,25.64,23.61,81.18,24.25,42.93,57.01,1176.84
14-Oct-05,3.69,26.68,8.23,50.79,53.87,25.98,23.44,81.33,24.33,43.24,57.48,1186.57
17-Oct-05,3.78,28.69,8.28,50.28,54.16,25.9,23.25,81.56,24.19,43.02,57.69,1190.1
18-Oct-05,3.77,27.76,8.09,49.14,53.1,25.87,23.26,82.44,24.23,42.68,55.18,1178.14
19-Oct-05,3.77,27.06,8.09,51.04,54.55,25.75,23.1,83.13,24.74,43.1,56.04,1195.76
20-Oct-05,3.76,27.06,8.05,50.98,53.41,25.75,21.11,82.14,24.45,42.57,54.1,1177.8
21-Oct-05,3.77,26.94,7.88,50.08,48.36,25.04,20.48,82.3,24.44,42.54,54.27,1179.59
24-Oct-05,3.84,28.1,8.22,50.76,49.74,25.83,20.33,82.43,24.75,43.25,55.72,1199.38
25-Oct-05,3.84,27.91,8.25,50.4,49.72,25.84,20.43,82.33,24.69,43.37,56.07,1196.54
26-Oct-05,3.81,27.81,8.14,50.07,49.97,26.01,20.3,81.86,24.76,43.83,55.09,1191.38
27-Oct-05,3.79,25.92,7.78,49.59,49.33,25.75,20.34,81.29,24.51,43.6,54.5,1178.9
28-Oct-05,3.83,25.99,7.76,50.55,50.49,26.34,20.72,80.41,25.18,44.07,55.19,1198.41
31-Oct-05,3.89,26.12,8.05,50.45,51.99,26.99,20.95,80.86,25.35,43.95,55.03,1207.01
01-Nov-05,3.87,25.92,7.95,50.07,52.12,27.28,20.77,80.58,25.6,43.59,55.28,1202.76
02-Nov-05,3.85,25.3,8,50.06,53.08,27.17,20.82,80.05,26.1,43.73,56.24,1214.76
03-Nov-05,3.85,25.37,8.11,50.67,52.87,28.2,21.08,81.84,26.08,44.06,57.41,1219.94
04-Nov-05,3.88,25.52,8.02,50.79,52.94,27.95,21.46,81.97,26.29,44.21,56.75,1220.14
07-Nov-05,3.87,25.98,8.07,50.8,53.63,28.17,21.47,82.57,26.64,45.01,55.97,1222.81
08-Nov-05,3.87,25.11,7.99,50.69,53.63,28.09,21.3,82.31,26.68,45.18,56.52,1218.59
09-Nov-05,3.9,23.92,7.77,51.69,53.48,28.3,21.54,82.01,26.59,45.39,56.65,1220.65
10-Nov-05,3.88,22.83,7.57,52.02,54.06,28.72,21.59,83.15,26.72,46.27,55.61,1230.96
11-Nov-05,3.9,23.77,7.71,52.58,54.24,28.72,21.81,83.7,26.9,46.53,55.68,1234.72
14-Nov-05,3.93,23.06,7.67,52.68,54.8,28.92,21.63,83.51,26.99,46.76,55.81,1233.76
15-Nov-05,3.92,21.96,7.59,52.54,55.26,28.71,21.28,84.67,27.2,46.2,55.59,1229.01
16-Nov-05,3.91,20.68,7.4,52.92,56.08,28.48,20.77,85.67,27.44,46.23,56.33,1231.21
17-Nov-05,3.92,21.98,7.55,53.1,56.81,28.32,20.76,86.02,27.67,46.47,56.53,1242.8
18-Nov-05,3.91,23.36,8.13,52.89,56.63,29.1,21,86.89,27.76,46.93,57.39,1248.27
21-Nov-05,3.91,22.9,8.05,53.15,57.05,29.14,21.13,86.41,27.85,47.03,58.49,1254.85
22-Nov-05,3.84,22.6,8.07,53.71,58.09,29.18,20.78,87.11,27.61,47.42,58.78,1261.23
23-Nov-05,3.86,22.84,8.16,53.74,57.35,29.47,21.04,87.91,27.62,47.83,58.98,1265.61
25-Nov-05,3.86,22.2,8.05,53.65,57.29,29.63,21.07,87.91,27.46,48.01,59.22,1268.25
28-Nov-05,3.89,22.55,8.09,53.42,56.79,28.27,20.99,88.21,27.45,47.79,57.87,1257.46
29-Nov-05,3.89,22.34,8.25,53.52,56.45,28.71,20.87,88.2,27.38,47.59,57.47,1257.48
30-Nov-05,3.86,21.27,7.87,53.19,57.12,28.48,20.61,88.01,27.38,47.07,57.17,1249.48
01-Dec-05,3.88,21.96,7.84,53.56,58.33,28.75,20.78,88.31,27.59,47.36,58.47,1264.67
02-Dec-05,3.9,21.44,7.89,54.32,58.14,29.03,20.71,87.76,27.7,47.28,58.19,1265.08
05-Dec-05,3.95,21.49,7.8,53.86,57.66,29.17,20.76,87.54,27.55,47.36,58.63,1262.09
06-Dec-05,3.95,21.74,7.85,54.3,58.13,29.19,20.55,88.24,27.39,47.4,58.8,1263.7
07-Dec-05,3.94,22.38,7.93,54.13,57.12,29.34,20.51,87.83,27.45,47.21,58.14,1257.37
08-Dec-05,3.85,21.37,7.91,54.63,56.68,28.75,20.4,86.62,27.39,47.02,58.54,1255.84
09-Dec-05,3.85,22.26,7.91,54.75,57.43,28.22,20.03,86.1,27.41,47.41,57.63,1259.37
12-Dec-05,3.83,22.39,7.92,54.88,57.37,27.52,20.36,85.1,27.15,47.19,57.99,1260.43
13-Dec-05,3.83,21.66,7.87,55.5,58.3,28,21.69,82.87,26.83,47.93,58.18,1267.43
14-Dec-05,3.81,21.79,7.9,56.4,58.08,28.29,22.21,82.29,26.79,48.12,58.97,1272.74
15-Dec-05,3.84,21.49,7.91,56.9,58.04,28.84,22.16,82.69,26.63,47.6,58.61,1270.94
16-Dec-05,3.84,21.26,8.03,57.33,58.96,29.07,21.95,82.53,26.61,47.86,57.2,1267.32
19-Dec-05,3.89,20.44,7.96,56.45,56.18,31.24,23.64,81.93,26.54,47.67,56.84,1259.92
20-Dec-05,3.88,19.28,7.79,56.72,56.09,30.99,23.33,81.65,26.57,47.71,57.07,1259.62
21-Dec-05,3.9,18.5,7.76,56.68,56.43,30.93,23.37,82.28,26.44,47.76,56.75,1262.79
22-Dec-05,3.89,18.1,7.69,57.15,57.78,31.01,23.39,82.38,26.3,47.69,56.25,1268.12
23-Dec-05,3.9,18.29,7.64,56.58,57.84,31.19,23.29,82.64,26.35,47.73,56.25,1268.66
27-Dec-05,3.9,18.44,7.63,56.06,57.23,30.94,22.97,82.16,26.17,47.16,55.04,1256.54
28-Dec-05,3.87,18.07,7.59,56.18,57.18,30.91,22.94,82.21,26.1,46.99,55.42,1258.17
29-Dec-05,3.92,18.46,7.56,55.65,57.48,31.34,22.8,81.57,25.98,47.09,55.41,1254.42
30-Dec-05,3.99,18.86,7.47,55.23,57.11,30.82,22.67,81.37,25.87,47.05,55.34,1248.29
03-Jan-06,4.07,18.36,7.58,55.84,57.14,31.73,23.12,81.24,26.55,47.78,57.6,1268.8
04-Jan-06,4.09,18.85,7.75,55.51,58.59,32.1,23.87,81.13,26.68,46.9,57.7,1273.46
05-Jan-06,4.1,19.93,8.08,55.3,58.59,32.14,23.9,81.67,26.7,47.13,57.42,1273.48
06-Jan-06,4.12,20.2,8.24,55.48,59.76,32.09,24.16,84.1,26.62,47.13,58.55,1285.45
09-Jan-06,4.14,21.76,8.34,56.11,60.85,32.61,24.16,82.89,26.57,46.91,58.52,1290.15
10-Jan-06,4.19,21.42,8.49,56.15,60.6,32.29,23.76,83.23,26.71,47.06,58.97,1289.69
11-Jan-06,4.2,21.23,8.64,55.3,60.63,32.41,24.06,83.32,26.99,47.48,59.38,1294.18
12-Jan-06,4.22,20.36,8.28,54.79,61.5,32.43,23.9,82.73,26.84,47.53,58.76,1286.06
13-Jan-06,4.23,19.78,8.27,54.98,61.62,32.42,23.98,82.33,26.89,47.42,60.07,1287.61
17-Jan-06,4.28,19.25,8.04,55.3,62.24,32.17,23.6,82.17,26.7,46.95,60.63,1283.03
18-Jan-06,4.25,19.56,7.94,54.96,61.41,32,23.33,82.96,26.54,46.88,59.78,1277.93
19-Jan-06,4.25,19.68,7.95,55.3,62.04,32.28,24.27,82.26,26.73,46.47,60.59,1285.04
20-Jan-06,4.25,19.47,7.64,54.34,60.32,32.21,24.02,80.54,26.12,44.29,59.63,1261.49
23-Jan-06,4.28,21.22,8.05,53.81,60.58,31.8,24.2,80.59,26.06,44.59,60.29,1263.82
24-Jan-06,4.3,22.39,8.13,55.76,60.89,31.76,23.91,80.04,25.99,44.6,60.06,1266.86
25-Jan-06,4.32,23.16,8.34,56.31,61.61,32.15,24.14,80.1,26.11,44.82,59.32,1264.68
26-Jan-06,4.34,22.39,8.49,56.82,64.68,32.89,24.35,79.91,26.21,45.57,59.06,1273.83
27-Jan-06,4.34,23.11,8.47,58.04,67.02,33.62,25.27,80.21,27.49,45.44,60.38,1283.72
30-Jan-06,4.38,23.64,8.5,57.65,66.51,33.38,25.22,80.81,27.7,45.39,62.17,1285.19
31-Jan-06,4.37,23.37,8.4,57.66,67.39,33.42,24.96,80.48,27.84,45.16,61.82,1280.08
01-Feb-06,4.37,23.79,8.48,57.3,68.72,33.58,25.32,81.12,27.73,44.91,61.03,1282.46
02-Feb-06,4.37,22.92,8.19,57.05,67.88,32.76,25.06,80.41,27.38,44.27,61.03,1270.84
03-Feb-06,4.37,22.48,8.09,56.49,67.62,33.32,24.58,79.17,27.24,44.15,60.48,1264.03
06-Feb-06,4.38,22.67,7.94,56.4,68.19,32.77,24.39,78.71,26.87,44.26,61.05,1265.02
07-Feb-06,4.39,22.15,7.92,56.2,66.66,32.64,24.48,79.05,26.65,44.14,59.65,1254.78
08-Feb-06,4.4,21.36,8.06,56.03,68.29,33.22,25.88,80.19,26.62,44.44,59.81,1265.65
09-Feb-06,4.41,21.5,8.18,56.02,67.94,33.27,25.85,79.79,26.37,44.86,59.34,1263.78
10-Feb-06,4.42,21.24,8.1,56.44,68.24,33.24,25.21,80.72,26.4,45.03,58.86,1266.99
13-Feb-06,4.45,21.37,8.03,56.64,68.11,33.24,25.11,79.83,26.1,44.76,59.03,1262.86
14-Feb-06,4.45,21.53,8.13,57.42,69.69,33.59,25.03,80.48,26.36,45.19,58.98,1275.53
15-Feb-06,4.44,21.59,8.2,57.64,71.06,34.19,25.14,80.24,26.68,45.32,59.19,1280
16-Feb-06,4.44,21.89,8.21,57.71,71.42,34.86,25.33,80.3,26.61,45.5,59.67,1289.38
17-Feb-06,4.43,21.53,8.27,57.51,71.51,34.92,25.34,80.1,26.5,45.31,59.97,1287.24
21-Feb-06,4.46,21.03,8.21,58.34,72.05,34.48,25.17,79.89,26.34,45.24,60.18,1283.03
22-Feb-06,4.46,20.82,8.13,58.39,72.51,34.8,25.71,80.73,26.52,45.93,59.68,1292.67
23-Feb-06,4.48,20.23,8,58.06,71.81,34.3,25.66,79.59,26.46,45.85,59.26,1287.79
24-Feb-06,4.49,19.64,7.93,58.4,72.16,34,25.88,79.49,26.43,45.9,59.84,1289.43
27-Feb-06,4.51,19.76,7.91,58.27,72.95,34.26,26.11,80.02,26.85,45.83,59.34,1294.12
28-Feb-06,4.51,19.95,7.8,58.01,72.53,33.77,25.71,79.63,26.67,45.43,58.8,1280.66
01-Mar-06,4.49,19.55,7.78,58.21,73.83,33.87,25.77,79.3,26.94,45.59,59.76,1291.24
02-Mar-06,4.5,19.07,7.5,57.8,73.78,34.02,25.58,79.34,26.77,45.12,60.27,1289.14
03-Mar-06,4.5,18.87,7.41,57.37,74.05,34.09,25.85,79.36,26.73,44.99,60.39,1287.23
06-Mar-06,4.49,19.46,7.53,57.24,72.67,33.87,25.5,79.4,26.71,45.16,59.4,1278.26
07-Mar-06,4.49,19.93,7.49,57.27,72.49,33.81,25.71,79.68,26.86,45.46,59.28,1275.88
08-Mar-06,4.47,20.06,7.39,57.35,71.86,33.97,25.69,80.53,27.04,45.74,59.14,1278.47
09-Mar-06,4.48,20.96,7.59,56.92,70.87,33.8,25.71,80.41,26.8,45.55,58.35,1272.23
10-Mar-06,4.5,21.26,7.68,57.33,70.42,34.05,25.6,80.95,26.97,46.04,58.61,1281.42
13-Mar-06,4.5,20.99,7.69,57.51,70.47,34.48,25.49,81.31,26.91,45.89,59.07,1284.13
14-Mar-06,4.48,20.77,7.57,57.82,71.4,34.38,25.49,82.25,27.02,46.23,60.23,1297.48
15-Mar-06,4.51,21.12,7.68,57.44,73.73,34.44,25.47,82.75,27.15,46.06,60.43,1303.02
16-Mar-06,4.5,21.83,7.76,57.74,74.34,34.55,25.57,82.24,27.06,46.36,61.05,1305.33
17-Mar-06,4.52,20.76,7.65,58.31,75.66,34.91,25.9,82.67,27.29,46.45,60.46,1307.25
20-Mar-06,4.55,20.48,7.76,58.21,75.28,34.93,25.98,82.95,27.68,46.44,60.08,1305.08
21-Mar-06,4.57,21.61,7.88,57.95,73.75,35.15,25.82,83.18,27.53,46.27,60.14,1297.23
22-Mar-06,4.57,21.62,7.98,58.63,75.64,35.48,25.91,83.81,26.95,46.71,60.46,1305.04
23-Mar-06,4.55,21.61,7.91,58.26,75.69,35.46,25.68,82.57,26.65,46.8,60.66,1301.67
24-Mar-06,4.54,22.25,7.92,58.78,74.93,35.31,25.54,82.73,26.81,46.84,60.58,1302.95
27-Mar-06,4.51,22.53,7.89,58.72,74.82,35.28,25.33,82.45,26.81,46.68,60.7,1301.61
28-Mar-06,4.53,22.35,7.96,57.79,74.31,34.92,24.88,81.81,26.7,46.64,60.36,1293.23
29-Mar-06,4.51,21.76,8.09,57.82,73.12,35.06,24.77,82.5,26.82,46.67,60.69,1302.89
30-Mar-06,4.5,20.69,7.99,57.53,71.86,34.88,24.73,82.57,27.02,46.32,60.53,1300.25
31-Mar-06,4.52,20.89,7.79,57.48,71.27,34.51,24.46,81.85,27,46.28,60.28,1294.87
03-Apr-06,4.55,19.78,7.61,57.69,72.95,34.68,24.66,82.43,27.35,46.45,60.44,1297.81
04-Apr-06,4.56,19.2,7.52,57.66,74.74,34.75,24.64,82.82,27.43,47.24,61.16,1305.93
05-Apr-06,4.55,19.56,7.41,57.74,75.23,35.25,24.7,83.53,27.53,47.28,61.56,1311.56
06-Apr-06,4.56,19.2,7.49,57.74,75.08,34.12,24.63,83.18,27.35,46.88,61.49,1309.04
07-Apr-06,4.57,19.17,7.44,57.14,74.36,33.76,24.23,81.86,27.04,46.7,60.74,1295.5
10-Apr-06,4.58,19.06,7.36,57.2,74.89,33.71,24.19,81.48,27.08,46.96,61.35,1296.62
11-Apr-06,4.58,18.88,7.02,56.93,76.09,33.36,23.9,80.55,26.93,46.51,61.4,1286.57
12-Apr-06,4.58,19.68,7.13,56.96,77.26,33.15,23.97,80.14,26.99,46.64,60.87,1288.12
13-Apr-06,4.58,20.04,7.2,56.66,76.36,33.24,24.05,81.36,26.87,47.08,60.97,1289.12
17-Apr-06,4.61,19.69,7.18,57.02,75.88,33.1,23.99,81.02,26.64,47.37,61.45,1285.33
18-Apr-06,4.61,20.22,7.31,58.41,78.32,33.77,24.47,82.68,27.01,47.5,62.93,1307.28
19-Apr-06,4.61,20.21,7.44,62.27,78.38,33.69,24.36,81.24,26.83,47.25,63.68,1309.93
20-Apr-06,4.61,22.24,7.78,63.67,77.63,34.28,24.49,81.4,26.83,47.32,63.31,1311.46
21-Apr-06,4.63,21.41,7.17,63.68,77.53,34.03,24.41,81.04,26.95,47.04,64.38,1311.28
24-Apr-06,4.64,21.07,6.81,63.99,77.04,33.66,24.33,81.49,26.91,47.03,63.79,1308.11
25-Apr-06,4.67,21.03,6.83,63.61,74.61,33.54,24.26,82.04,26.91,46.5,63.34,1301.74
26-Apr-06,4.67,22.74,7.1,63.67,75.62,33.61,24.51,82.72,26.9,46.78,62.49,1305.41
27-Apr-06,4.66,22.79,7.05,63.36,74.73,33.89,24.4,83.25,27.04,47.67,61.82,1309.72
28-Apr-06,4.65,22.48,6.9,62.28,75.41,33.71,24.86,81.72,23.97,49.45,62.47,1310.61
01-May-06,4.7,22.24,6.86,62.4,75.3,33.54,24.66,81.61,24.11,48.96,62.81,1305.19
02-May-06,4.69,22.8,6.86,63.03,77.14,33.77,24.71,81.8,23.83,49.1,64.05,1313.21
03-May-06,4.7,22.09,6.73,62.83,77.76,33.45,24.7,82.07,23,49.35,63.16,1308.12
04-May-06,4.68,22.18,6.78,63.23,78.47,33.6,24.75,81.81,23.26,48.88,62.7,1312.25
05-May-06,4.7,22.77,6.88,64.37,79.63,33.77,24.94,82.65,23.62,49.86,63.39,1325.76
08-May-06,4.75,23.13,6.92,64.35,79.55,33.74,25.07,82.56,23.55,49.66,63.1,1324.66
09-May-06,4.76,25.34,7.12,64.52,80.79,33.72,25.04,82.9,23.44,49.84,63.33,1325.14
10-May-06,4.76,26.38,7.01,65.6,80.62,33.96,24.81,82.57,23.59,49.79,63.58,1322.85
11-May-06,4.7,25.6,7.07,65.27,79.27,33.8,24.58,82.13,23.04,48.98,63.17,1305.92
12-May-06,4.72,25.88,7.06,64.36,77.47,33.58,24.28,82.06,23,48.5,61.95,1291.24
15-May-06,4.74,25.99,7.08,64.24,77.13,33.98,24.66,82.56,23.07,49.01,61.71,1294.5
16-May-06,4.71,25.32,6.97,64.64,77,34.4,24.67,81.83,22.93,49.04,61.67,1292.08
17-May-06,4.71,24.26,6.86,63.47,75.58,33.63,24.05,80.95,22.65,48.34,59.9,1270.32
18-May-06,4.71,23.87,6.85,62.39,74.3,34.41,23.67,80.34,22.75,48.24,59.61,1261.81
19-May-06,4.7,24.48,6.98,62.43,72.46,33.71,23.6,79.96,22.48,48.31,60.17,1267.03
22-May-06,4.71,24.24,6.85,62.67,72.55,33.7,23.5,79.7,22.8,48.35,60.5,1262.07
23-May-06,4.72,24.28,6.8,62.22,73.4,33.73,23.77,79.51,22.71,48.04,60.11,1256.58
24-May-06,4.7,26.3,6.88,61.79,73.27,33.24,23.62,79.46,23.41,48.17,59.82,1258.57
25-May-06,4.7,27.68,7.1,62.12,73.64,33.68,23.63,79.82,23.65,48.58,61.24,1272.88
26-May-06,4.72,27.85,7.26,62.33,74.1,33.85,23.78,80.43,23.63,49.07,61.3,1280.16
30-May-06,4.72,26.36,6.93,62.17,71.85,32.46,23.36,79.84,23.07,48.53,59.92,1259.87
31-May-06,4.74,26.71,7.11,62.25,72.63,32.98,23.44,79.58,22.57,48.8,60.63,1270.09
01-Jun-06,4.71,26.68,7.18,62.93,72.97,33.49,23.68,80.37,22.74,49.33,60.83,1285.71
02-Jun-06,4.69,26.28,7.05,62.76,72.49,33.64,23.97,79.2,22.68,49.64,61.37,1288.22
05-Jun-06,4.73,25.84,6.9,61.18,69.03,33.16,23.72,78.75,22.42,49.12,59.77,1265.29
06-Jun-06,4.74,25.05,6.85,59.79,68.18,33.59,23.62,79.44,22.05,49.26,60.12,1263.85
07-Jun-06,4.74,24.79,6.74,59.76,66.45,33.65,23.69,78.84,21.96,49.45,58.55,1256.15
08-Jun-06,4.74,24.63,6.61,60.05,66.6,33.66,23.64,76.72,22.03,49.45,59.29,1257.93
09-Jun-06,4.75,25.15,6.71,59.79,67.23,33.5,23.31,77.32,21.84,49.27,58.53,1252.3
12-Jun-06,4.81,25.57,6.72,59.36,66.03,33.06,23.08,76.71,21.63,48.83,57.97,1237.44
13-Jun-06,4.77,25.08,6.63,59.19,66.04,33.35,22.83,76.62,21.43,47.73,56.39,1223.69
14-Jun-06,4.77,25.16,6.56,59.36,67.19,33.18,22.9,77.4,21.8,47.32,57.53,1230.04
15-Jun-06,4.72,25.38,6.73,60.55,70.54,34.01,23.31,78.25,21.99,48.19,58.85,1256.16
16-Jun-06,4.75,25.39,6.64,61.48,70.24,34.09,23.22,77.64,22.02,47.87,58.53,1251.54
19-Jun-06,4.81,26.14,6.69,60.64,69.65,34.14,22.85,77.36,22.47,47.34,57.12,1240.13
20-Jun-06,4.8,25.44,6.35,60.72,70.68,34.6,22.74,77.68,22.48,47.53,57.12,1240.12
21-Jun-06,4.79,25.99,6.38,61.22,72.16,34.95,22.48,77.99,23,47.88,57.79,1252.2
22-Jun-06,4.79,27.05,6.38,61.62,71.97,34.93,22.44,76.88,22.8,47.69,57.7,1245.6
23-Jun-06,4.84,26.75,6.47,62.01,71.83,34.62,22.43,76.79,22.42,47.26,57.83,1244.5
26-Jun-06,4.91,27.53,6.5,61.97,72.17,34.7,22.8,76.84,22.74,47.81,58.55,1250.56
27-Jun-06,4.92,25.69,6.49,61.13,71.34,34.39,22.59,76.33,22.78,47.28,59.37,1239.2
28-Jun-06,4.88,26.45,6.31,61.06,72.39,34.78,22.69,76.26,23.08,47.37,60.84,1246
29-Jun-06,4.88,27.22,6.35,63.02,74.08,35.56,23.03,77.28,23.38,48.37,62.08,1272.87
30-Jun-06,4.87,29.55,6.88,63.14,74.16,36.09,23.25,76.51,23.21,47.76,61.07,1270.2
03-Jul-06,4.96,29.17,6.66,63.71,74.45,36.28,23.36,77.71,23.61,48.48,61.86,1280.19
05-Jul-06,4.88,29.18,6.56,63.57,72.81,36.35,23.46,77.46,23.26,48.52,62.26,1270.91
06-Jul-06,4.87,28.97,6.54,63.57,73.33,36.32,23.46,77.78,23.39,48.77,63.18,1274.08
07-Jul-06,4.89,29.24,6.68,62.83,72.27,36.63,23.46,76.12,23.21,48.59,62.55,1265.48
10-Jul-06,4.93,29.14,6.85,62.6,72.95,36.48,23.65,76.37,23.41,48.84,62.75,1267.34
11-Jul-06,4.92,29.26,6.75,63.56,73.08,36.93,23.27,76.17,23.02,49.1,63.68,1272.43
12-Jul-06,4.93,29.38,6.83,62.97,71,36.36,22.97,75.18,22.56,48.34,63.67,1258.6
13-Jul-06,4.92,28.09,6.51,61.16,69.4,36.6,22.66,73.95,22.18,47.39,63.77,1242.28
14-Jul-06,4.93,27.25,6.33,58.55,68.89,35.82,22.21,73.28,22.21,47.1,64.6,1236.2
17-Jul-06,4.98,27.46,6.36,57.71,68.89,36.04,22.2,73.41,22.4,45.93,63.7,1234.49
18-Jul-06,5,27.49,6.39,58.62,69.47,36.35,22.37,73.97,22.66,46.08,64.31,1236.86
19-Jul-06,4.98,28.29,6.28,60.8,71.12,36.98,23.09,75.77,23.31,46.77,64.36,1259.81
20-Jul-06,4.95,28.32,6.15,59.99,69.08,36.96,23.49,75.18,22.77,46.64,63.95,1249.13
21-Jul-06,4.96,28.75,6.23,59.7,68.35,37.02,23.61,74.56,23.78,46.46,63.63,1240.29
24-Jul-06,4.97,29.43,6.31,61.18,70.52,38.59,24.56,75.69,23.91,46.98,65.06,1260.91
25-Jul-06,5,30.41,6.54,61.76,70.66,38.91,24.73,75.59,24.13,46.97,65.44,1268.88
26-Jul-06,4.98,31.74,6.7,61.5,70.13,39.81,24.88,75.53,24.28,47.05,66.29,1268.4
27-Jul-06,4.97,31.85,6.78,61.36,70.72,40.6,25.41,75.85,23.78,46.83,66.16,1263.2
28-Jul-06,4.94,32.09,6.84,61.88,71.21,40.74,25.87,76.65,24.16,47.84,66.69,1278.55
31-Jul-06,4.97,31.97,6.67,61.92,70.87,39.9,25.75,77.1,23.97,47.82,67.43,1276.66
01-Aug-06,4.99,31.05,6.58,61.41,69.71,40.44,25.75,75.84,23.9,48.02,67.87,1270.92
02-Aug-06,4.97,31.36,6.96,62.02,70.75,40.65,25.38,76.02,24.21,48.23,68.16,1277.41
03-Aug-06,4.98,30.95,6.86,62.47,72.73,41.21,25.28,76.03,24.12,48.47,68.05,1280.27
04-Aug-06,4.96,30.84,7.13,62.3,73.1,40.97,25.74,75.61,24.2,48.5,68.37,1279.36
07-Aug-06,4.99,31.15,7.17,62.82,73.18,40.46,25.81,75.22,24.13,48.23,68.91,1275.77
08-Aug-06,4.97,30.86,7.37,61.61,71.6,40.6,25.92,75.33,24.25,48.31,68.95,1271.48
09-Aug-06,4.94,30.78,7.33,60.05,68.52,41.08,26.15,75.39,24.35,47.83,68.97,1265.95
10-Aug-06,4.92,30.61,7.39,60.19,68.32,40.95,25.97,75.74,24.37,47.97,69.34,1271.81
11-Aug-06,4.94,30.11,7.37,59.89,67.03,40.23,25.82,75.48,24.34,47.64,69.73,1266.74
14-Aug-06,4.99,30.2,7.83,60.21,65.96,40.5,26.08,76.68,24.44,47.72,69.25,1268.21
15-Aug-06,4.97,30.54,7.92,60.76,67.41,40.57,26.4,77.08,24.62,48.41,68.69,1285.58
16-Aug-06,4.94,30.99,8.26,62.17,69.11,40.8,26.75,79.09,24.7,48.53,67.57,1295.43
17-Aug-06,4.96,30.56,8.17,61.95,69.36,38.47,27,79.37,24.7,48.57,68.08,1297.48
18-Aug-06,4.97,30.55,8,61.84,68.31,39.16,27.05,79.9,25.79,48.6,69.1,1302.3
21-Aug-06,4.98,30.54,7.47,61.46,68.25,39.28,26.64,79.28,26.12,48.49,69.83,1297.52
22-Aug-06,4.97,30.88,7.42,60.9,68.5,39.38,26.98,78.95,25.62,48.42,70.21,1298.82
23-Aug-06,4.96,30.18,7.76,60.77,67.21,40.09,27.14,78.67,25.67,48.58,69.63,1292.99
24-Aug-06,4.96,29.88,7.76,60.99,65.5,39.69,27.24,79.38,25.74,48.72,70.72,1296.06
25-Aug-06,4.98,29.33,8,60.67,65.99,40.07,27.23,79.88,25.85,48.64,70.43,1295.09
28-Aug-06,4.97,29.43,8.05,61.53,66.07,40.57,27.54,80.32,25.95,49.12,70.1,1301.78
29-Aug-06,4.94,29.45,8.26,62.17,65.45,40.89,27.6,81.4,25.84,49.26,69.41,1304.28
30-Aug-06,4.92,29.25,8.27,62.27,65.06,40.8,27.73,81.22,25.8,49.52,68.3,1305.37
31-Aug-06,4.92,29.18,8.37,62.71,66.35,40.55,27.56,80.97,25.7,49.35,67.67,1303.82
01-Sep-06,4.89,30.27,8.27,63.26,67.27,40.96,27.96,81.41,25.84,49.37,68.1,1311.01
